timestamp,electrode,s1,s2,s3,s4,s5,intuitive
1745181614353,3,-18568,30788,-12681,-18565,31113,0
1745181614354,2,22397,31947,-14217,26494,32239,0
1745181614354,0,-6011,-31699,21880,14469,-31662,0
1745181614355,1,0,7908,-18415,16392,2,0
1745181614356,4,-1910,27209,11047,22649,-30671,0
1745181614383,3,18304,31685,-5801,1920,31722,0
1745181614384,2,14206,32483,-8649,-22659,32220,0
1745181614384,0,26756,-31410,20872,26756,-31933,0
1745181614385,1,275,894,21392,-32755,167,0
1745181614387,4,1923,26727,-22137,-22393,-25173,0
1745181614428,3,-2178,31155,-29401,-18565,31972,0
1745181614428,2,-6276,31940,-9737,-22659,32481,0
1745181614429,0,22400,32734,-3353,-30851,-32258,0
1745181614443,1,28933,4555,6320,20483,0,0
1745181614444,4,-22875,25763,7047,-18050,-29694,0
1745181614488,3,26492,32499,-19209,-22662,-32257,0
1745181614489,2,10111,-32522,8,-6274,32753,0
1745181614489,0,10108,32463,-10009,-2181,31672,0
1745181614490,1,534,4714,0,-32764,18,0
1745181614491,4,-22671,32360,25815,14189,-18182,0
1745181614518,3,18295,32418,-16521,-26759,32181,0
1745181614520,2,-22661,31930,-14073,-22659,32480,0
1745181614533,0,18295,31087,-22761,30587,31403,0
1745181614534,1,28680,32,19184,24577,0,0
1745181614535,4,-10648,30584,5415,-18589,-27814,0
1745181614564,3,26488,31878,-6825,-26756,31666,0
1745181614578,2,-30851,31954,-13081,18301,32222,0
1745181614593,0,22394,31144,-25145,10107,31165,0
1745181614593,1,14,21,-28160,-12280,0,0
1745181614595,4,-10388,28945,-9290,31082,-21439,0
1745181614623,3,-2178,31687,-9273,18301,31162,0
1745181614624,2,-10370,32489,-4713,-2178,32490,0
1745181614624,0,18299,31415,-23737,-6278,31412,0
1745181614625,1,-4084,0,-28704,9,3,0
1745181614626,4,22394,31733,3479,-1669,-25487,0
1745181614668,3,-14208,31235,-20473,26494,31452,0
1745181614669,2,6015,32492,-329,-22656,32243,0
1745181614669,0,14203,31151,-28377,30586,31410,0
1745181614670,1,4096,512,13872,0,0,0
1745181614672,4,18811,32423,3448,-18288,-29202,0
1745181614713,3,-26757,32477,-9433,-14209,-32463,0
1745181614713,2,-10373,31144,-27753,26489,31396,0
1745181614714,0,26491,32194,-2905,18559,-32762,0
1745181614715,1,256,4107,896,16384,15,0
1745181614716,4,-26753,30453,23736,30854,-31486,0
1745181614758,3,-6018,-32767,-6089,30587,32459,0
1745181614759,2,-14468,32203,-10697,30588,32463,0
1745181614759,0,22399,32493,-4857,-30851,32198,0
1745181614760,1,0,2656,13856,0,4,0
1745181614761,4,5756,26577,-27865,-2183,-31793,0
1745181614803,3,1915,32440,-2953,30588,32166,0
1745181614803,2,22396,32197,-12009,6012,32198,0
1745181614804,0,-26757,31938,-13721,-22661,31138,0
1745181614805,1,-24574,23,1024,4097,5,0
1745181614806,4,13946,26841,20999,18558,-32220,0
1745181614848,3,30589,31392,-13081,26492,31650,0
1745181614849,2,-18561,32493,-11001,1917,32210,0
1745181614849,0,22394,31127,-32137,10105,31392,0
1745181614851,1,4096,1,6144,-8190,1,0
1745181614864,4,-18563,32459,7592,-14465,-26626,0
1745181614893,3,-2180,31151,-18681,22397,31438,0
1745181614895,2,-14468,32198,-16377,-22661,31945,0
1745181614923,0,-26760,31377,-21193,18300,31964,0
1745181614923,1,-20470,174,256,-16382,10,0
1745181614953,4,-22666,-27200,11305,10358,-19957,0
1745181614953,3,18300,31460,-32105,18557,32025,0
1745181614954,2,18300,31940,-12201,1918,32753,0
1745181614968,0,26492,32198,-11545,-2180,31963,0
1745181614968,1,8197,96,0,4096,0,0
1745181614970,4,26480,-32274,14295,22629,-21267,0
1745181614998,3,18554,-32486,-12969,-14211,-32491,0
1745181614999,2,-10370,32504,-4377,30591,32232,0
1745181614999,0,22398,32495,3816,14466,32266,0
1745181615000,1,0,1792,-26480,4096,0,0
1745181615014,4,31077,-24027,15447,-26252,-25816,0
1745181615043,3,14205,32469,-2169,10110,32469,0
1745181615043,2,14208,32504,-6281,10112,32255,0
1745181615058,0,14207,31979,-12073,-6275,31701,0
1745181615058,1,4105,1536,27697,-28659,0,0
1745181615060,4,31105,28528,-20282,31110,-30197,0
1745181615088,3,18298,31327,-8665,-22660,31135,0
1745181615088,2,10108,32192,-7785,-2180,32204,0
1745181615089,0,-10371,31698,-15545,30590,31956,0
1745181615090,1,0,4126,-6016,8192,8,0
1745181615091,4,-27018,28625,20423,30852,-32552,0
1745181615133,3,-14463,31422,-9609,18303,30389,0
1745181615134,2,6015,32485,-9065,-22659,32226,0
1745181615134,0,-2179,31947,-14889,6013,32489,0
1745181615148,1,4096,0,0,-16384,5,0
1745181615149,4,-10354,32416,5657,10115,30368,0
1745181615193,3,-30592,-32489,8536,-18298,-30566,0
1745181615194,2,-30853,32717,1848,-6016,-32491,0
1745181615194,0,18559,-31729,21832,22662,-30340,0
1745181615195,1,0,0,0,0,0,0
1745181615197,4,18306,29793,32663,14455,-30957,0
1745181615223,3,-10108,-30297,15064,-18301,-30047,0
1745181615224,2,-26755,32211,-12665,22395,31409,0
1745181615224,0,-26490,-30346,-29432,-26489,-31629,0
1745181615226,1,0,0,0,0,0,0
1745181615239,4,30589,-31544,-12969,2159,-25536,0
1745181615268,3,30849,-30353,26248,-18302,-30389,0
1745181615270,2,-18569,31382,-22313,26490,31403,0
1745181615298,0,14466,-31687,15176,-30589,-32217,0
1745181615298,1,0,0,0,0,0,0
1745181615300,4,30328,31599,-20217,10366,-19812,0
1745181615314,3,18564,-31743,26904,6018,-31748,0
1745181615328,2,1918,31700,-19273,-14470,31920,0
1745181615328,0,18561,-32758,-473,-22399,32018,0
1745181615329,1,0,0,0,0,0,0
1745181615331,4,-18576,31587,-29993,-10122,-24105,0
1745181615373,3,26501,32249,11464,-6268,31479,0
1745181615373,2,-18562,31951,-9481,26493,31687,0
1745181615374,0,-6274,32226,-10041,-6275,31691,0
1745181615388,1,0,2,2560,-4095,1,0
1745181615389,4,-18324,-27912,12695,-30337,-29158,0
1745181615418,3,10113,31187,-16393,-6015,31262,0
1745181615433,2,-2182,31928,-16713,-18565,32209,0
1745181615433,0,-26756,32458,-3817,14203,31658,0
1745181615434,1,0,1089,160,4096,1,0
1745181615436,4,-30602,31585,-11769,6282,-28712,0
1745181615463,3,-26499,32294,-30889,26490,32500,0
1745181615508,2,22396,32209,-9593,-18563,32217,0
1745181615508,0,-10371,31932,-15049,14203,31660,0
1745181615509,1,0,1,640,0,0,0
1745181615510,4,10106,27311,-20970,30839,32102,0
1745181615523,3,14202,-32549,-17241,-6280,-32282,0
1745181615523,2,6015,32220,-15545,18300,32212,0
1745181615524,0,22398,32736,-2905,1919,31966,0
1745181615525,1,0,6565,-25664,0,10,0
1745181615526,4,-26471,29801,24407,2164,-30692,0
1745181615553,3,18297,32661,2232,-22662,32677,0
1745181615553,2,-14468,32477,-10233,-22660,32469,0
1745181615554,0,-18565,32192,-9209,-2181,31925,0
1745181615555,1,265,3152,8176,28680,50,0
1745181615556,4,22405,29484,5016,-26495,-29347,0
1745181615614,3,-26756,31614,-5497,-22659,31394,0
1745181615614,2,-2179,32752,-2345,14207,-32516,0
1745181615615,0,10105,32169,-16105,-10372,32232,0
1745181615628,1,8448,3093,10625,4129,74,0
1745181615630,4,-5975,31494,5544,22133,-29446,0
1745181615643,3,-14467,30917,-18137,-10368,31729,0
1745181615644,2,-30852,31927,-12521,-14468,31411,0
1745181615658,0,-22663,31122,-18697,-6280,32448,0
1745181615658,1,-7893,246,3072,-4078,164,0
1745181615659,4,-26767,30480,6792,26744,-26166,0
1745181615688,3,30582,29857,-3850,14198,30659,0
1745181615703,2,-6275,32501,-4697,10369,-32484,0
1745181615704,0,6007,30865,22727,30580,30042,0
1745181615704,1,-19918,2567,14738,8218,31,0
1745181615706,4,10353,-23590,-19593,26985,-20805,0
1745181615748,3,-26763,31389,25863,-10379,31925,0
1745181615749,2,1919,32491,1528,18304,32764,0
1745181615763,0,18295,30847,-28265,14200,31108,0
1745181615764,1,15,4125,4769,20484,1,0
1745181615765,4,22119,29379,-19770,18542,-29851,0
1745181615793,3,6008,32682,-2729,6011,-32583,0
1745181615808,2,-2176,32253,-3081,10368,-32762,0
1745181615809,0,-22658,32213,-2665,-18304,-32504,0
1745181615809,1,4108,3072,13057,20485,0,0
1745181615811,4,-26756,27046,26150,2165,-30261,0
1745181615853,3,-30852,31897,9864,26496,31678,0
1745181615854,2,-30592,-32768,2616,1920,32492,0
1745181615854,0,-22657,32750,1416,-22656,31992,0
1745181615855,1,0,4127,769,-28672,0,0
1745181615856,4,18844,27975,8775,30586,-31790,0
1745181615913,3,18308,31709,1848,-26493,31750,0
1745181615914,2,6273,-32503,7960,6274,-32485,0
1745181615914,0,6015,32480,-6329,1919,32767,0
1745181615915,1,28672,1706,112,16395,103,0
1745181615917,4,-22359,30622,-26424,30857,32612,0
1745181615958,3,-22657,31423,-27065,-6277,31705,0
1745181615958,2,1919,32220,-4633,-22657,32759,0
1745181615959,0,-30853,32170,-8313,-2180,31693,0
1745181615973,1,-20222,3663,9696,4108,70,0
1745181615973,4,18347,28486,10552,26748,-28391,0
1745181615988,3,14203,32760,26919,26482,30060,0
1745181616003,2,-30850,32220,-15817,26491,31672,0
1745181616003,0,-18565,32717,-24985,30582,29555,0
1745181616004,1,28939,2973,208,4,28,0
1745181616006,4,18045,-30995,28986,-18299,-24259,0
1745181616048,3,22120,28602,-9242,5739,29948,0
1745181616048,2,10100,30028,21623,-6283,30845,0
1745181616063,0,26219,28099,-7802,10095,29208,0
1745181616064,1,-4095,29,11776,-24569,25,0
1745181616078,4,-2462,-29435,9449,22380,-23349,0
1745181616079,3,6003,30767,-29577,1911,31338,0
1745181616079,2,22394,31659,-16649,-18565,31673,0
1745181616093,0,10099,29489,13559,-30860,29513,0
1745181616093,1,28687,115,23041,-24553,20,0
1745181616095,4,26472,-27295,-425,30827,-27324,0
1745181616193,3,-26757,30863,-17385,18300,29802,0
1745181616194,2,-6277,31682,-19673,-10373,31419,0
1745181616194,0,-22667,30324,24679,6008,29805,0
1745181616194,1,12317,1308,-8015,-8174,0,0
1745181616198,4,19065,-21199,-16825,-6032,-29698,0
1745181616198,3,10370,31506,-5513,22660,32573,0
1745181616199,2,-30851,32218,-2601,-26496,-32747,0
1745181616243,0,10108,31963,-9593,18559,32513,0
1745181616243,1,19,2313,-27072,-28670,0,0
1745181616244,4,22916,31439,18982,27014,31584,0
1745181616245,3,10109,32238,-17529,-22402,-32726,0
1745181616245,2,10109,31934,-10665,-10371,32482,0
1745181616246,0,6011,31384,-16041,-10373,32191,0
1745181616247,1,0,2410,128,0,4,0
1745181616248,4,-22414,31292,3463,14463,-32075,0
1745181616259,3,-2178,32759,-13193,10107,-32548,0
1745181616259,2,10107,31394,-17353,-14469,31403,0
1745181616259,0,-6274,32759,6648,-6272,32754,0
1745181616260,1,0,256,2304,0,1,0
1745181616261,4,-1891,26511,20648,18858,-32465,0
1745181616303,3,26491,-32039,15448,-14465,-32312,0
1745181616303,2,-18565,31934,-9833,10109,31944,0
1745181616304,0,14466,-31960,21928,2180,-32762,0
1745181616305,1,0,0,0,0,0,0
1745181616306,4,-22656,26926,-2631,-17978,-31533,0
1745181616363,3,-2176,32736,10296,-14462,32489,0
1745181616363,2,18300,31941,-10841,-30851,31954,0
1745181616364,0,10113,32767,-2537,26752,32514,0
1745181616365,1,28677,8,25088,12302,40,0
1745181616366,4,-31125,31918,22264,1912,-23576,0
1745181616393,3,18303,30899,-22137,26493,31178,0
1745181616393,2,-26755,31673,-23129,22394,31672,0
1745181616394,0,-26755,32745,-18377,-2183,31936,0
1745181616408,1,28683,63,512,-16383,15,0
1745181616409,4,1636,29992,16808,-2181,-28964,0
1745181616439,3,22653,31492,-28057,14462,32562,0
1745181616468,2,-2181,31417,-15657,22398,32497,0
1745181616468,0,18302,32464,-7257,-1923,32261,0
1745181616469,1,16403,197,2304,4098,9,0
1745181616471,4,-10382,-32547,-12586,-30366,-19440,0
1745181616513,3,-6280,32729,-21993,-14472,32474,0
1745181616513,2,22396,32471,-8937,30590,32491,0
1745181616514,0,18300,32203,-7961,-10370,32237,0
1745181616515,1,-32764,2826,3745,16391,0,0
1745181616516,4,9829,29409,3159,30831,-29835,0
1745181616558,3,18297,32192,-14393,-10374,32436,0
1745181616558,2,-18564,31962,-17625,22397,31703,0
1745181616559,0,6015,32235,-15785,6013,31948,0
1745181616560,1,20495,5120,13330,28685,0,0
1745181616561,4,-18046,-30485,-6138,30849,-29194,0
1745181616588,3,-18564,31665,-4313,-26754,31386,0
1745181616588,2,18301,32210,-9929,-2179,32473,0
1745181616589,0,-6275,31941,-12665,-6276,32238,0
1745181616590,1,20482,6161,-2815,28679,0,0
1745181616591,4,-13397,30082,775,-13941,32649,0
1745181616633,3,30591,31144,-11033,-14464,30939,0
1745181616633,2,30592,-32516,-473,-14208,32259,0
1745181616634,0,6014,31939,-13785,14204,31958,0
1745181616635,1,0,3277,80,15,183,0
1745181616636,4,31139,28475,5944,-6014,-29352,0
1745181616678,3,-10372,30912,-29113,-22658,31224,0
1745181616679,2,14207,32226,-5961,22399,32233,0
1745181616679,0,-26757,31679,-13689,22396,31666,0
1745181616680,1,4616,4372,16384,-8174,100,0
1745181616681,4,30310,27551,29063,-14210,-29566,0
1745181616723,3,-22662,32222,24839,14200,31942,0
1745181616723,2,10107,31949,-20121,-2183,30866,0
1745181616724,0,-26754,-32011,-2393,14205,31719,0
1745181616726,1,8717,4661,9168,4107,42,0
1745181616739,4,26213,30655,-28617,26480,-25001,0
1745181616768,3,30583,31891,-25369,26486,32408,0
1745181616769,2,-6281,30853,-31145,-26760,31387,0
1745181616783,0,-18565,31927,-8793,30589,32466,0
1745181616783,1,20500,2744,-18223,-12273,0,0
1745181616785,4,5745,-32031,-32600,30575,-19276,0
1745181616814,3,26487,32111,-4601,14202,31621,0
1745181616828,2,-2184,31378,-26841,10105,31658,0
1745181616828,0,14204,32190,-12345,-18308,32001,0
1745181616829,1,8463,513,-6912,-20463,34,0
1745181616831,4,-18564,-30465,18888,-30609,-20738,0
1745181616903,3,10109,31382,-15849,6012,30849,0
1745181616903,2,30587,31669,-21481,-26758,31655,0
1745181616904,0,1914,30871,-21305,26490,31654,0
1745181616905,1,-8175,10,-8448,28686,5,0
1745181616906,4,1896,-29206,2935,-13968,-25217,0
1745181616948,3,6014,30124,28695,10107,30904,0
1745181616949,2,22395,31668,-17625,6012,31675,0
1745181616949,0,-22662,30624,-31625,14202,30638,0
1745181616963,1,-20468,3393,6049,-24568,0,0
1745181616964,4,-22146,30989,-13274,-17777,32038,0
1745181617008,3,-18567,30626,15879,18296,31177,0
1745181617008,2,-10372,31413,-24169,-30855,31644,0
1745181617009,0,-14473,30833,29479,1910,30843,0
1745181617010,1,0,2407,48,0,2,0
1745181617010,4,30579,27289,-24635,-21607,-32540,0
1745181617011,3,18295,32196,-18233,10106,32174,0
1745181617012,2,-18563,31950,-8265,6014,31679,0
1745181617012,0,14202,31392,-15145,26492,31410,0
1745181617013,1,259,7959,5969,0,8,0
1745181617014,4,30604,28803,-15144,-26202,-31681,0
1745181617053,3,14200,32135,-9865,26489,31612,0
1745181617053,2,22396,32469,-7561,26493,32213,0
1745181617054,0,-14472,30864,-28361,26488,30574,0
1745181617059,1,8456,5254,22048,24581,21,0
1745181617059,4,-22913,28369,7720,-18569,-30847,0
1745181617098,3,1915,31097,-10377,10107,30820,0
1745181617099,2,1917,31961,-20169,-30853,31416,0
1745181617099,0,10105,31141,32007,-14471,30883,0
1745181617100,1,-28635,208,-18431,-20433,140,0
1745181617101,4,-6289,-30597,-10808,-14459,-24946,0
1745181617143,3,6011,30339,-20761,22398,31697,0
1745181617143,2,26491,31674,-15833,-6276,32219,0
1745181617144,0,18298,30346,-30521,-2183,31657,0
1745181617158,1,-28115,3392,-26848,16390,9,0
1745181617159,4,14195,-30803,-30504,-22654,-20595,0
1745181617188,3,-10113,31749,-26345,-10113,-32410,0
1745181617203,2,-22658,31965,-12041,22655,-32756,0
1745181617203,0,18296,30589,30759,-18570,30579,0
1745181617204,1,24,1211,881,12304,64,0
1745181617205,4,26475,31524,31319,19058,-15197,0
1745181617248,3,-10112,-31667,-9369,18556,-31439,0
1745181617248,2,30847,-32510,3688,-14209,-32760,0
1745181617249,0,-22668,30016,22039,-2188,30292,0
1745181617250,1,24590,5754,-29824,-12287,37,0
1745181617251,4,10357,-28396,23432,6520,-22200,0
1745181617293,3,18299,-32023,6872,-18563,-32296,0
1745181617293,2,22656,-32761,-2505,14207,32495,0
1745181617294,0,-2184,31375,-16313,30588,31143,0
1745181617295,1,20491,6185,-25902,20,0,0
1745181617296,4,-30857,30969,-601,18833,-27017,0
1745181617338,3,-6276,31886,5368,-30850,31121,0
1745181617338,2,14206,32221,-6409,-26754,31961,0
1745181617339,0,-30854,31132,-20569,-18564,30888,0
1745181617340,1,12294,6457,-27231,16387,0,0
1745181617341,4,2184,29233,30391,22653,-31952,0
1745181617383,3,-30851,30593,-10937,-30849,30636,0
1745181617384,2,-2179,32740,-1449,-30849,32230,0
1745181617384,0,-18564,31664,-12265,-30852,31423,0
1745181617385,1,24837,3379,3280,-28670,26,0
1745181617386,4,30333,26533,-14249,1924,31699,0
1745181617473,3,-6276,31183,-29033,-6277,31189,0
1745181617473,2,-26754,-32514,744,14464,-32494,0
1745181617474,0,6011,32719,-9513,-22662,31409,0
1745181617475,1,531,4402,240,-8188,50,0
1745181617476,4,10114,29033,3543,26737,-32742,0
1745181617476,3,22395,31980,-28505,-6280,32217,0
1745181617477,2,14466,-32480,5944,-18303,-32757,0
1745181617477,0,-30851,32458,-14185,-18566,31426,0
1745181617478,1,266,2663,240,28674,15,0
1745181617479,4,-6547,31421,-3929,10351,-23663,0
1745181617563,3,-30857,-32301,-18617,22390,32680,0
1745181617563,2,-14208,-32228,3480,-1921,-32754,0
1745181617564,0,-18567,31912,-16009,-30853,31684,0
1745181617565,1,28677,329,224,-32768,2,0
1745181617565,4,6001,-31645,-19481,-2190,-21259,0
1745181617566,3,-18569,31859,-1801,26490,31869,0
1745181617567,2,6273,-32757,6376,-18303,-31956,0
1745181617567,0,-22660,31931,-11145,-22660,32201,0
1745181617578,1,12295,1658,-27759,-24558,5,0
1745181617579,4,-14479,30280,14231,2157,-25536,0
1745181617623,3,-30852,31111,-10105,30590,31696,0
1745181617623,2,6273,-32756,-1481,-1921,32514,0
1745181617624,0,18299,31401,-28073,-10374,31674,0
1745181617625,1,-20461,76,25856,-8184,12,0
1745181617626,4,30836,-27952,-12169,14950,-8185,0
1745181617668,3,1919,30939,-22505,-2178,31466,0
1745181617668,2,-14465,32496,-3961,-30593,32513,0
1745181617669,0,-26759,31926,-17385,22397,32746,0
1745181617670,1,-12277,2645,-29760,-8185,0,0
1745181617671,4,-6284,28085,31175,18565,32379,0
1745181617717,3,-14468,31209,-32281,-14470,31978,0
1745181617717,2,14204,32463,-1801,-30850,31954,0
1745181617717,0,14202,31918,-16233,6011,31931,0
1745181617717,1,-20216,6464,-17776,16385,0,0
1745181617717,4,-6278,27064,-20282,6527,-27571,0
1745181617758,3,6010,31696,-32665,-10379,31634,0
1745181617758,2,22396,31947,-11273,1917,31943,0
1745181617759,0,-6279,31123,-23497,14201,31112,0
1745181617760,1,16643,8284,-2128,0,8,0
1745181617761,4,18038,28915,7463,10093,31872,0
1745181617803,3,18291,31318,-25625,-26764,31054,0
1745181617803,2,1916,32198,-11177,-30851,32228,0
1745181617804,0,-22664,30835,-28009,-26761,30869,0
1745181617805,1,-4091,1691,11440,4101,17,0
1745181617806,4,21876,24468,11447,-22669,-32677,0
1745181617848,3,-10374,30576,-17113,18300,30566,0
1745181617849,2,-10372,31952,-15593,-10372,31676,0
1745181617850,0,6009,30875,-29145,26490,31928,0
1745181617863,1,-12270,109,17920,12308,158,0
1745181617879,4,13933,32714,3143,-22415,-21465,0
1745181617923,3,22395,30363,-23625,-6273,31462,0
1745181617923,2,10109,31953,-14185,26493,32227,0
1745181617924,0,30584,32164,-16201,-10374,32482,0
1745181617925,1,-20186,1213,-3072,-20472,0,0
1745181617926,4,30583,32097,6040,10104,-20286,0
1745181617939,3,18303,31985,-28905,18557,32564,0
1745181617953,2,-26755,32480,-6137,30590,32753,0
1745181617953,0,6014,32484,-10969,6013,32494,0
1745181617998,1,285,1028,6321,-16368,62,0
1745181618013,4,-14229,-28116,-24681,-18068,-22925,0
1745181618013,3,26747,-32213,-23865,30842,32526,0
1745181618014,2,2176,32516,-4281,-6274,-32516,0
1745181618015,0,22398,32240,-10873,-18563,32747,0
1745181618016,1,-20461,1334,-27663,20494,0,0
1745181618017,4,-13712,-16893,3608,-30607,-29755,0
1745181618043,3,1914,32727,-11033,18298,32691,0
1745181618044,2,-10370,32762,-4537,-10370,32748,0
1745181618088,0,-14466,32480,-5449,-10371,32744,0
1745181618118,1,11,6472,-12255,24585,0,0
1745181618118,4,-22416,30321,29942,-13962,-30432,0
1745181618120,3,-14468,31649,-3065,6013,31629,0
1745181618133,2,14205,32474,-3017,1919,32230,0
1745181618134,0,1918,31954,-6361,-18563,31153,0
1745181618134,1,16390,2560,22096,0,6,0
1745181618135,4,-25434,31025,6775,-2180,30663,0
1745181618136,3,-30851,30848,-8889,22398,30365,0
1745181618136,2,-2180,31946,-17033,10108,32211,0
1745181618148,0,30589,31664,-13993,18300,31949,0
1745181618148,1,260,5674,32752,-12285,65,0
1745181618150,4,14214,27212,13912,-1898,-30621,0
1745181618178,3,10108,30364,-22889,-26497,31493,0
1745181618178,2,14204,32199,-8905,1918,32490,0
1745181618179,0,26486,31358,-18105,-6278,31663,0
1745181618180,1,25097,5943,0,-8189,50,0
1745181618181,4,-2170,29416,-21095,22700,32546,0
1745181618223,3,-10376,31434,31271,10104,32189,0
1745181618238,2,14205,32216,-9545,26492,31662,0
1745181618238,0,1914,31400,-19593,22393,31629,0
1745181618239,1,-7402,6950,15296,-12272,98,0
1745181618241,4,22140,31708,28247,5735,-26967,0
1745181618283,3,10103,32159,-24361,18293,32154,0
1745181618283,2,22395,31677,-20857,-2182,31408,0
1745181618284,0,-2183,30897,24471,10103,30601,0
1745181618298,1,16670,2974,25633,12307,4,0
1745181618299,4,22123,32219,-1593,-6292,-23662,0
1745181618314,3,-26761,32138,-6937,-26759,31334,0
1745181618328,2,-14469,31686,-21449,-2181,31156,0
1745181618328,0,6011,31172,-19977,26491,30614,0
1745181618329,1,-20475,1891,-23423,20502,62,0
1745181618331,4,-10375,32240,279,-1937,-24639,0
1745181618388,3,-6280,30833,-20649,-22660,30105,0
1745181618388,2,-22661,31940,-15033,10108,31940,0
1745181618389,0,-10374,31406,-19913,-2181,31428,0
1745181618390,1,-8167,152,8193,-8159,96,0
1745181618391,4,-22428,-26987,19640,14721,-28259,0
1745181618418,3,18296,27188,-23482,18029,25217,0
1745181618418,2,22398,32231,-4121,-2177,32749,0
1745181618419,0,6008,28776,-18490,-18839,26231,0
1745181618433,1,4121,5201,-17439,20496,0,0
1745181618435,4,30589,29033,-170,30849,32167,0
1745181618463,3,-23204,24053,-16571,-2465,25697,0
1745181618463,2,2178,-32759,8680,22658,-32478,0
1745181618464,0,21848,22141,-20171,-14754,26132,0
1745181618465,1,24577,4385,-9840,4101,73,0
1745181618466,4,19346,31240,-1306,18563,-31072,0
1745181618568,3,5999,31062,-32089,26487,-32297,0
1745181618568,2,6272,-32757,4264,-18304,32516,0
1745181618569,0,-2191,30250,-19209,-22662,32708,0
1745181618570,1,256,4097,352,-32768,15,0
1745181618570,4,10125,26715,-25161,18553,-29789,0
1745181618571,3,-6018,-31468,14840,26751,-31998,0
1745181618572,2,1918,31957,-15913,-26757,31931,0
1745181618572,0,-10106,-30873,28936,-30586,-31639,0
1745181618573,1,261,5255,-27264,20492,43,0
1745181618574,4,22393,28939,6728,-14724,-32032,0
1745181618598,3,6018,-31496,23048,18305,-32288,0
1745181618599,2,14203,31674,-26329,22393,31398,0
1745181618599,0,10376,-30853,26952,26758,-31116,0
1745181618613,1,-24569,59,29696,-12274,27,0
1745181618614,4,-31121,-29506,-19719,10364,-24525,0
1745181618643,3,10119,32510,12744,-26491,-32192,0
1745181618643,2,-14468,31947,-13449,22397,32481,0
1745181618673,0,-10108,-31396,22168,22662,-30605,0
1745181618673,1,-12282,220,30720,8203,5,0
1745181618674,4,-14668,25469,15254,22634,-22673,0
1745181618688,3,2180,-32695,1080,-6013,-32175,0
1745181618703,2,22398,32749,-4569,-22657,31981,0
1745181618703,0,14468,-31388,21688,-18300,-31921,0
1745181618704,1,-32482,1081,8609,24592,40,0
1745181618705,4,18279,-31058,20487,-26264,-14860,0
1745181618748,3,-30591,-31367,-8889,-14209,-31141,0
1745181618748,2,30590,32230,-12121,14205,32480,0
1745181618749,0,30851,-32440,2536,-22400,32512,0
1745181618750,1,-12278,1325,19905,20490,0,0
1745181618752,4,-26526,-27439,-18730,26733,-26986,0
1745181618793,3,-14209,-31972,9976,-14467,-32017,0
1745181618793,2,-14467,31946,-6937,-2178,32497,0
1745181618794,0,-30848,-32517,6472,6273,32540,0
1745181618795,1,12296,7302,-9023,-16374,0,0
1745181618796,4,22375,29063,-31290,-2193,-31253,0
1745181618838,3,26493,32175,1896,26493,31375,0
1745181618838,2,10108,31418,-23657,6011,31148,0
1745181618839,0,18303,31966,-12601,-22659,31172,0
1745181618840,1,20496,3840,9906,12300,256,0
1745181618841,4,30592,28147,10023,-30589,-26979,0
1745181618883,3,-10376,28173,5223,-6544,27874,0
1745181618883,2,-18569,30046,20279,-30861,29761,0
1745181618884,0,14198,28451,-8426,5741,28155,0
1745181618885,1,-3830,6620,25616,4097,12,0
1745181618886,4,9850,23745,31958,14464,-32754,0
1745181618928,3,-30859,28997,21943,-10375,30369,0
1745181618943,2,10103,30848,-26937,-14471,31130,0
1745181618945,0,-30860,30297,31991,26488,31136,0
1745181618945,1,536,7363,24768,-12267,204,0
1745181618945,4,-31108,29397,-11177,30844,-32703,0
1745181618973,3,-10377,31141,23159,-14473,31955,0
1745181618973,2,14203,31926,-17385,22395,31408,0
1745181618974,0,-26759,30855,-29161,22393,31131,0
1745181618975,1,-15853,4946,13712,-28650,155,0
1745181618976,4,9834,30861,-2617,-13955,-20671,0
1745181619018,3,-18572,31908,-30937,-22666,32140,0
1745181619019,2,10104,31389,-19577,-22661,31148,0
1745181619048,0,18297,31131,-26153,6010,30596,0
1745181619048,1,-28397,1341,-3744,-24563,0,0
1745181619050,4,-6538,30913,-26857,30316,-20226,0
1745181619078,3,-2186,31612,-15497,-22664,31359,0
1745181619078,2,-2184,31123,-25481,-22662,31413,0
1745181619079,0,-22662,31144,-22185,-2182,31678,0
1745181619080,1,-12284,1280,27233,8209,3,0
1745181619081,4,-14489,29768,-7994,2147,-19788,0
1745181619123,3,-26756,31671,-9273,1916,31123,0
1745181619123,2,10105,31404,-25353,-26760,31391,0
1745181619124,0,18298,31941,-23785,-14470,31676,0
1745181619132,1,-16367,27,5120,-28668,32,0
1745181619140,4,22632,-28284,16103,10356,-25669,0
1745181619168,3,-18561,30931,-24953,-14467,31445,0
1745181619168,2,10109,31683,-15625,6013,31956,0
1745181619169,0,-26759,31408,-26681,10107,31431,0
1745181619170,1,12305,3357,24177,-20470,0,0
1745181619171,4,-22406,28686,-8506,22646,-30008,0
1745181619243,3,-6276,31971,-23769,-10372,31457,0
1745181619244,2,6012,32453,-6601,30588,31681,0
1745181619245,0,-10375,31912,-20457,-2185,30866,0
1745181619245,1,11,7128,-12112,-24575,1,0
1745181619246,4,22405,28399,1591,10621,-25087,0
1745181619288,3,-18568,31678,28663,22391,32453,0
1745181619288,2,-2181,31678,-15497,-26756,31935,0
1745181619289,0,22394,31126,-26713,-2184,30606,0
1745181619303,1,4615,12307,-26015,-24575,48,0
1745181619303,4,-10366,31184,15096,14210,-31264,0
1745181619304,3,10106,31913,-11801,-14472,32126,0
1745181619305,2,6013,32475,-4537,-18563,32465,0
1745181619305,0,10107,30861,-25465,-10375,31116,0
1745181619306,1,-32510,7545,30064,0,35,0
1745181619308,4,22409,28179,-23751,-14156,-31790,0
1745181619378,3,-14468,31882,-3961,22396,31388,0
1745181619379,2,-30591,32522,1240,10112,32501,0
1745181619380,0,18300,31670,-15929,-22661,32230,0
1745181619393,1,-3549,1321,1056,-4078,153,0
1745181619393,4,1667,-30291,-17189,1935,-29173,0
1745181619394,3,-30849,31407,-2665,-22398,32015,0
1745181619410,2,6016,32760,-3577,2176,-32760,0
1745181619410,0,-10371,32217,-11145,-18305,32528,0
1745181619410,1,-15824,2463,28561,16423,133,0
1745181619415,4,30577,30008,-24249,26742,-25000,0
1745181619439,3,-18300,-32186,216,-26495,-32422,0
1745181619453,2,26753,-32481,5512,-30591,-32747,0
1745181619453,0,-18563,-32542,-2649,-6275,32747,0
1745181619454,1,-32742,255,-21248,-12263,78,0
1745181619469,4,5732,-22575,-7687,-22171,-13312,0
1745181619498,3,10367,-32449,-4873,6273,-31387,0
1745181619498,2,-6015,-32468,9160,-10110,-32211,0
1745181619499,0,2177,32515,152,-22400,-32487,0
1745181619500,1,-32479,6995,26370,-32746,34,0
1745181619501,4,-30612,-31971,13127,6518,-27370,0
1745181619558,3,-18305,-31425,9224,-30850,-32276,0
1745181619558,2,-14206,-31946,8536,10369,-32755,0
1745181619559,0,18563,-32762,11512,2179,-32739,0
1745181619560,1,28681,6774,-3119,-16370,0,0
1745181619561,4,-18314,29698,-16714,-22404,-29999,0
1745181619588,3,-26754,-32568,13944,6017,32721,0
1745181619589,2,6273,-32762,-185,30849,32532,0
1745181619590,0,30593,32253,-7369,6272,32516,0
1745181619590,1,20490,2304,5937,4099,0,0
1745181619591,4,1901,29218,29574,18286,31062,0
1745181619633,3,-30850,30593,-15337,-14466,31177,0
1745181619633,2,14208,32498,-2857,14207,32759,0
1745181619634,0,-26753,32759,-3177,-14467,32756,0
1745181619635,1,0,10161,-26255,0,256,0
1745181619636,4,-1625,29674,7000,26756,-32199,0
1745181619678,3,-10372,30641,29991,-14470,30379,0
1745181619753,2,22398,32750,-6649,22397,32212,0
1745181619753,0,1918,32217,-12873,-6277,31944,0
1745181619798,1,-7659,7587,-15456,20765,12,0
1745181619798,4,-2447,27002,25767,14202,-31524,0
1745181619799,3,30582,31147,19383,6006,31136,0
1745181619800,2,-14468,32480,-15161,22396,32219,0
1745181619800,0,14203,32183,-16313,-18566,31389,0
1745181619801,1,-7661,4122,96,-8192,7,0
1745181619802,4,-6549,28802,18391,5736,-28586,0
1745181619802,3,18292,31907,-28985,6007,32454,0
1745181619803,2,26491,31950,-13865,14206,32491,0
1745181619804,0,14203,31675,-23177,22395,31155,0
1745181619805,1,20487,91,4288,28674,0,0
1745181619813,4,22129,-29974,30201,10096,-26087,0
1745181619843,3,14201,32422,-9753,-6279,32165,0
1745181619843,2,14204,31951,-12873,1918,31971,0
1745181619844,0,6012,31408,-25209,1915,31687,0
1745181619845,1,-20480,0,-27136,-16375,0,0
1745181619858,4,-1930,-23812,-10728,6511,-23533,0
1745181619873,3,-10371,32194,-1561,-30851,31141,0
1745181619873,2,30590,32229,-14393,-14468,32223,0
1745181619874,0,10107,31684,-27241,-22662,31680,0
1745181619875,1,12309,62,2816,12292,33,0
1745181619876,4,22899,-9435,-2756,-30599,-24974,0
1745181619919,3,-10369,30946,-25241,-6274,29883,0
1745181619919,2,-6277,32209,-10889,-26755,31698,0
1745181619920,0,10105,31405,-19225,14203,30627,0
1745181619920,1,-16354,2816,-16990,4124,0,0
1745181619922,4,23158,-26213,-12266,2172,-31849,0
1745181619963,3,-18564,30671,22935,-18566,31723,0
1745181619964,2,-22660,31412,-21833,22395,31684,0
1745181619964,0,18296,30850,-29273,-30857,31109,0
1745181619965,1,24846,10850,-20207,8201,32,0
1745181619967,4,18290,29517,22551,-1662,-28576,0
1745181620009,3,14202,32499,-27145,-10376,32479,0
1745181620009,2,18301,32219,-9497,-6275,31965,0
1745181620010,0,-26758,31927,-17625,-2182,31409,0
1745181620010,1,-12026,9873,2417,0,16,0
1745181620012,4,-26744,29544,-25193,2168,-30702,0
1745181620053,3,18295,32405,-10441,10104,31609,0
1745181620054,2,-6276,31689,-19305,14202,31390,0
1745181620055,0,6012,31391,-21849,22393,30863,0
1745181620055,1,256,8304,-31248,0,22,0
1745181620069,4,30596,31649,-14729,22385,30850,0
1745181620098,3,10108,31876,4072,26494,32431,0
1745181620099,2,30588,32200,-16361,22395,31945,0
1745181620099,0,26492,31684,-20441,-6277,31940,0
1745181620100,1,-20465,1021,-29904,-28652,51,0
1745181620101,4,26216,29478,3864,-22662,-27490,0
1745181620158,3,6018,31444,-8665,18305,31721,0
1745181620159,2,22397,32216,-15065,22396,32214,0
1745181620159,0,-26757,31954,-24505,-30854,31685,0
1745181620160,1,4381,674,-560,24605,53,0
1745181620161,4,22122,32728,18328,-10377,-19868,0
1745181620189,3,-26496,31488,-20569,-1921,32033,0
1745181620203,2,6012,31928,-10953,-22659,32215,0
1745181620218,0,-30854,30618,-31561,-2183,31675,0
1745181620218,1,-7904,53,-17920,-8165,132,0
1745181620220,4,14187,-27784,297,-13960,-24309,0
1745181620278,3,26748,32271,-29369,6010,32494,0
1745181620278,2,14205,32223,-13865,6012,32462,0
1745181620279,0,10106,31665,-20409,-22662,31651,0
1745181620280,1,27,3580,14705,12300,58,0
1745181620280,4,-14227,30488,18454,-5780,-27861,0
1745181620281,3,-10377,32452,-17769,14202,32706,0
1745181620338,2,10110,32223,-6665,30589,31955,0
1745181620353,0,22396,31141,-17689,-30853,31398,0
1745181620353,1,0,5419,-7455,-16372,0,0
1745181620354,4,2426,-30918,-13098,-1661,-31340,0
1745181620355,3,14202,31610,-6729,-18564,31656,0
1745181620355,2,-18562,32226,-10665,-14467,32220,0
1745181620356,0,6012,31392,-21193,10108,31430,0
1745181620357,1,8,512,23952,24577,0,0
1745181620358,4,26492,30191,6470,31630,-28164,0
1745181620398,3,14207,30603,-11209,18302,30607,0
1745181620443,2,-22660,31415,-20265,-26758,31389,0
1745181620473,0,1914,31406,-23993,22396,31420,0
1745181620473,1,20745,6515,2033,0,1,0
1745181620474,4,14220,26552,2296,-22374,-31338,0
1745181620475,3,-6275,29565,16535,30580,27932,0
1745181620475,2,22397,31946,-14601,-30853,32454,0
1745181620476,0,-2185,30842,23319,22386,28678,0
1745181620477,1,0,6645,-29664,28689,139,0
1745181620477,4,-17721,26626,-16713,-18564,32553,0
1745181620478,3,13657,22713,7413,-2735,22926,0
1745181620479,2,-6275,32503,-9273,14205,31680,0
1745181620479,0,-31400,22655,22645,30035,21823,0
1745181620488,1,-11761,4105,7296,28689,142,0
1745181620489,4,21882,28648,4552,30575,-23759,0
1745181620518,3,-31132,29393,-1146,14192,32379,0
1745181620519,2,-30853,32215,-11417,10109,31927,0
1745181620548,0,-27034,28327,6631,-30861,31603,0
1745181620548,1,28948,2475,64,24579,2,0
1745181620549,4,-10379,-30116,-12969,30564,-20933,0
1745181620623,3,10369,-30389,32552,-22398,-30130,0
1745181620623,2,-30851,32226,-15433,22395,32198,0
1745181620624,0,6275,-31423,20568,22660,-30880,0
1745181620625,1,-24538,2447,-1550,37,75,0
1745181620625,4,-30349,-30198,4168,14451,-21875,0
1745181620626,3,-18298,-31415,-25608,2184,-31680,0
1745181620627,2,6011,31944,-12409,18301,31680,0
1745181620627,0,-10103,-31612,14824,10372,-31382,0
1745181620628,1,28706,1101,27264,0,18,0
1745181620629,4,18540,-28861,19352,22408,-32014,0
1745181620668,3,-26488,-32705,15656,-10105,32330,0
1745181620668,2,18299,31397,-17977,14203,31670,0
1745181620669,0,-14206,-32467,12488,26756,-32189,0
1745181620670,1,-12274,3086,-5759,16405,0,0
1745181620671,4,-14224,29967,18375,-21882,-25581,0
1745181620713,3,-22398,31786,-19305,2177,32315,0
1745181620743,2,30586,31664,-22969,1913,31660,0
1745181620744,0,-30591,-32224,3400,2177,-32735,0
1745181620744,1,12564,6677,-5872,-20476,0,0
1745181620745,4,-18829,22461,-11723,30583,30302,0
1745181620758,3,30844,-32489,-12025,-1924,-32507,0
1745181620758,2,-26757,31402,-18505,10108,31675,0
1745181620759,0,-14209,-32504,1384,6015,-32266,0
1745181620760,1,-32248,11016,20545,12289,44,0
1745181620761,4,30585,28482,30775,-26758,31695,0
1745181620835,3,-22661,-31781,14472,30590,-31515,0
1745181620836,2,-2182,31915,-9641,-18564,31939,0
1745181620836,0,14464,-32508,7352,-1920,-31974,0
1745181620893,1,0,9462,-6368,4096,47,0
1745181620908,4,-6244,28614,-16711,-30813,31659,0
1745181620908,3,22400,-32298,15384,22401,-32545,0
1745181620909,2,30590,32484,-5193,-22658,32753,0
1745181620910,0,-10370,-32002,2056,18302,32758,0
1745181620910,1,-28130,3627,18720,24593,91,0
1745181620911,4,-27023,30348,-29880,30321,-29529,0
1745181620912,3,-18558,32486,9704,26754,32013,0
1745181620912,2,-30851,32470,-3641,-30850,32497,0
1745181620913,0,18303,-32260,6024,2176,-32758,0
1745181620914,1,20767,159,-21456,-32743,58,0
1745181620914,4,1654,-27734,12427,1917,-29766,0
1745181620953,3,-14204,-32691,-4297,-10111,-32705,0
1745181620953,2,30848,32516,-3241,-26754,32752,0
1745181620954,0,26753,-32219,-185,18560,-32481,0
1745181620955,1,296,198,6833,16410,95,0
1745181620956,4,-14226,-29665,-14537,-18069,-15506,0
1745181621013,3,26752,-32177,-12169,-14210,-32196,0
1745181621013,2,-18562,32766,-57,10112,32759,0
1745181621028,0,14205,32755,-2937,18560,32516,0
1745181621028,1,4373,4901,-31790,4128,109,0
1745181621029,4,-2439,27596,-29162,-10385,-31038,0
1745181621043,3,-22404,-32506,760,10366,-32508,0
1745181621043,2,10111,32499,-10921,6013,32215,0
1745181621044,0,-26753,32492,-185,22657,32263,0
1745181621045,1,0,10168,258,28687,6,0
1745181621046,4,14204,31963,-18313,-1930,-32132,0
1745181621088,3,14205,32712,4408,-30850,31925,0
1745181621089,2,18303,32228,-13481,-10372,31938,0
1745181621089,0,26495,31437,-14409,-14467,31953,0
1745181621090,1,-28658,1814,19745,13,256,0
1745181621091,4,10371,31376,27863,-21870,-30646,0
1745181621178,3,10113,31948,-1017,-6273,30898,0
1745181621179,2,-22661,31672,-22649,-14471,31401,0
1745181621179,0,22396,32209,-11913,1917,31955,0
1745181621180,1,-12019,9447,24497,8198,57,0
1745181621180,4,-26750,28263,-20121,-14459,30718,0
1745181621181,3,-10372,30903,-23737,22398,31189,0
1745181621182,2,10105,30877,-30729,-22663,30864,0
1745181621182,0,1914,31401,-17545,26493,32228,0
1745181621183,1,13076,8708,-9088,-32743,232,0
1745181621184,4,6007,31633,19080,18570,-31693,0
1745181621223,3,-14470,31955,-28649,14204,32509,0
1745181621224,2,14201,31386,-23433,-10374,31668,0
1745181621224,0,18298,31917,-16025,-2181,31961,0
1745181621225,1,-15860,5973,18624,20493,71,0
1745181621226,4,-18825,-30549,-21991,1910,-23335,0
1745181621268,3,6007,32720,-24297,-26761,-32325,0
1745181621268,2,-6279,31391,-19577,14203,31936,0
1745181621270,0,-22663,31911,-13993,14204,31927,0
1745181621283,1,-7655,5310,12705,20509,94,0
1745181621284,4,-10650,31485,26871,30581,-25421,0
1745181621313,3,-18571,31870,-14713,-14472,32136,0
1745181621403,2,-6278,31676,-15225,30588,31670,0
1745181621403,0,-6279,31687,-22729,6013,31942,0
1745181621448,1,24605,2654,-20878,20517,121,0
1745181621448,4,-22686,-31699,-8633,18806,-19355,0
1745181621449,3,-2181,31372,-9625,6014,31138,0
1745181621450,2,14205,31689,-13929,1917,31687,0
1745181621451,0,-10375,31402,-21049,-10373,31427,0
1745181621451,1,20519,2730,-10959,-4086,0,0
1745181621452,4,10101,30396,18599,-25980,-23967,0
1745181621452,3,-2179,30097,-27177,30588,30898,0
1745181621453,2,18301,31955,-10585,-14468,32190,0
1745181621454,0,30588,31426,-24105,-14470,31669,0
1745181621455,1,28694,2563,-16159,24591,0,0
1745181621463,4,-10116,30833,-2122,18818,-29520,0
1745181621463,3,26491,30649,29095,18300,30948,0
1745181621464,2,-14471,31402,-25401,14202,31135,0
1745181621465,0,-6280,31111,-24169,18298,31131,0
1745181621465,1,-4091,6879,10640,0,9,0
1745181621466,4,26756,30584,-31321,15267,-32179,0
1745181621538,3,-6279,32484,-15513,-6019,32526,0
1745181621539,2,6013,32480,-6089,-14466,32492,0
1745181621539,0,30587,32177,-2009,1919,31686,0
1745181621540,1,-20222,10432,1057,0,6,0
1745181621541,4,-30860,28846,-8490,-29002,-26298,0
1745181621553,3,-10371,-31752,4152,14203,-32307,0
1745181621554,2,2177,32514,488,30591,32756,0
1745181621554,0,-26754,31940,-9545,26493,32475,0
1745181621555,1,0,9392,32001,-8182,76,0
1745181621556,4,30316,25440,-8554,18285,-31927,0
1745181621598,3,-30851,32423,8392,-22659,32147,0
1745181621599,2,2177,32514,-6361,-26755,32222,0
1745181621599,0,-22659,32223,-12105,-26755,31697,0
1745181621600,1,29481,7178,1392,-4085,129,0
1745181621601,4,6030,-30539,-1493,-30813,-24987,0
1745181621643,3,-2177,31685,-8169,-26753,31166,0
1745181621644,2,-10371,32227,-10057,26494,32225,0
1745181621645,0,6013,32224,-21225,10106,31665,0
1745181621658,1,25138,1827,-496,-20453,107,0
1745181621659,4,1651,28295,1527,-22940,-21434,0
1745181621733,3,-26753,31482,-26137,-30850,31473,0
1745181621734,2,-14469,31423,-21001,-26757,31945,0
1745181621734,0,-2182,31962,-23193,-26756,31971,0
1745181621735,1,20783,1224,-16511,4127,91,0
1745181621736,4,-6287,30261,-18553,-22161,-17773,0
1745181621736,3,-6278,31722,-32665,26491,32506,0
1745181621737,2,6010,31129,-24505,10106,31925,0
1745181621738,0,-26759,31122,-18473,-6278,31393,0
1745181621748,1,8212,4234,-9135,21,71,0
1745181621749,4,1892,31292,11559,2163,-27455,0
1745181621823,3,1912,32168,-25305,-18570,32194,0
1745181621823,2,14204,31410,-22217,-22662,31410,0
1745181621824,0,-26759,31386,-23753,-10375,31152,0
1745181621825,1,0,9907,-14863,24581,0,0
1745181621826,4,2429,-28837,-11770,-13200,-15022,0
1745181621838,3,-26759,32150,-4569,10106,31343,0
1745181621839,2,18299,31676,-19481,14203,31417,0
1745181621839,0,-14469,31402,-18105,14202,31389,0
1745181621840,1,8205,2366,14720,24578,0,0
1745181621841,4,18035,28583,-19737,1906,-31554,0
1745181621883,3,30588,30038,-15289,18302,29544,0
1745181621988,2,6010,31096,-21737,30585,30587,0
1745181622003,0,22394,30587,-26777,10106,30856,0
1745181622018,1,4,4019,18608,0,7,0
1745181622019,4,-31097,26879,13096,-13648,-32598,0
1745181622019,3,10107,30359,31591,-6276,30669,0
1745181622020,2,-30854,31674,-24457,1913,31389,0
1745181622021,0,-10376,30866,-32345,1913,31123,0
1745181622022,1,-11757,7398,-31840,12313,204,0
1745181622023,4,22133,28415,-30953,-1923,-24793,0
1745181622033,3,26489,31186,24055,-18569,31421,0
1745181622048,2,18297,31383,-20697,10106,31120,0
1745181622049,0,14200,31367,-26841,22391,30852,0
1745181622049,1,16925,4549,23120,24599,137,0
1745181622050,4,9858,29128,17720,-30594,-27561,0
1745181622051,3,-14476,31921,30903,-14475,32436,0
1745181622051,2,-22664,30872,-29705,1913,31374,0
1745181622052,0,-2186,30837,-30553,-6281,31113,0
1745181622052,1,8453,2894,-26848,-12267,71,0
1745181622053,4,-22943,-32755,1672,-1933,-26225,0
1745181622078,3,-26762,31883,-21417,-18569,32130,0
1745181622079,2,-2183,31140,-27721,-18568,30859,0
1745181622079,0,30584,30855,31239,26488,31398,0
1745181622108,1,-4064,593,26113,-20463,11,0
1745181622108,4,-18572,-26501,2664,26472,-15982,0
1745181622110,3,-18570,31067,-24153,26488,29783,0
1745181622138,2,6010,31135,-32217,30585,30880,0
1745181622139,0,6007,30582,27751,14199,30584,0
1745181622139,1,-20440,209,27649,24610,61,0
1745181622141,4,18277,-14151,9067,30838,-32057,0
1745181622198,3,30587,29831,-31897,-2180,30381,0
1745181622199,2,18296,31132,-26409,1914,31401,0
1745181622199,0,10104,30897,25575,26489,31153,0
1745181622200,1,8235,7575,17299,4131,0,0
1745181622201,4,-6287,29574,-24762,6526,-30009,0
1745181622213,3,-26497,31502,-22521,-22402,31749,0
1745181622214,2,18302,32480,-761,6016,32500,0
1745181622214,0,26494,32233,-6185,14205,32472,0
1745181622215,1,-32755,8846,16834,16401,547,0
1745181622216,4,19083,29081,-30410,22661,-31275,0
1745181622288,3,26491,32760,-9881,-10371,-32520,0
1745181622289,2,30591,32753,3288,30592,32500,0
1745181622289,0,6013,32200,72,-6273,32225,0
1745181622290,1,-24053,12551,-10239,0,256,0
1745181622291,4,1926,28575,2408,-5201,-31709,0
1745181622303,3,-6278,-32039,1352,-6278,-32569,0
1745181622304,2,-22658,32756,-5801,-14467,32486,0
1745181622304,0,22397,32451,-8617,-10373,32196,0
1745181622305,1,-4091,7156,-19824,20484,88,0
1745181622306,4,26486,30412,-26905,26483,-31941,0
1745181622378,3,-30854,32124,11768,14205,31606,0
1745181622379,2,18301,31949,-11529,30588,31950,0
1745181622379,0,6013,31933,-14553,22395,31658,0
1745181622380,1,16932,5219,0,6,89,0
1745181622381,4,1665,28595,-17014,-30806,-26156,0
1745181622393,3,10110,30355,-19337,30591,30374,0
1745181622394,2,22396,31401,-23017,-26757,31417,0
1745181622395,0,-2183,30879,27911,-14472,31136,0
1745181622408,1,-3532,3655,4114,12597,8,0
1745181622409,4,-18834,30548,7960,-10113,-29262,0
1745181622439,3,-26757,31445,31239,-18307,30984,0
1745181622454,2,-22659,32207,-12857,-22659,31979,0
1745181622468,0,22392,31389,-28201,-22662,31690,0
1745181622469,1,16677,160,29184,-24548,198,0
1745181622470,4,26473,-23519,-25879,31080,-20208,0
1745181622528,3,10106,31461,21847,10104,32500,0
1745181622558,2,30588,31694,-17769,6013,32476,0
1745181622559,0,-10373,31432,-23097,-14470,31391,0
1745181622559,1,-12264,4061,-20799,17,38,0
1745181622560,4,-30880,30259,-21994,-6040,-28350,0
1745181622561,3,26489,32213,-24473,26488,32174,0
1745181622561,2,14205,32212,-13017,-30851,31961,0
1745181622562,0,22394,31130,-25513,-6279,30874,0
1745181622563,1,-16379,7187,23442,8208,0,0
1745181622563,4,18818,-30279,-16938,2167,32650,0
1745181622588,3,-2183,31346,-9273,-14472,31340,0
1745181622588,2,14204,31949,-12793,-14468,31678,0
1745181622589,0,-26759,30857,-18473,-18565,31401,0
1745181622590,1,12300,7254,-16432,0,10,0
1745181622591,4,18566,32361,-5112,-26227,-27067,0
1745181622634,3,10112,30621,-8937,-18563,31128,0
1745181622634,2,-10371,31962,-11113,14205,31951,0
1745181622635,0,-22660,30629,-25369,-22662,31394,0
1745181622678,1,-8190,5888,-7247,16396,109,0
1745181622679,4,15529,-31374,-28905,31117,-30142,0
1745181622679,3,6013,30898,-22745,-30851,31448,0
1745181622680,2,6012,31942,-13401,30588,31933,0
1745181622681,0,6009,31662,-22857,1914,31928,0
1745181622681,1,29200,8365,-24272,24599,252,0
1745181622682,4,18023,28022,18775,-30598,-29527,0
1745181622738,3,-22661,31445,-32585,22394,31979,0
1745181622739,2,-26757,31421,-24633,-30854,31137,0
1745181622739,0,-22663,31909,-12553,-30854,31390,0
1745181622740,1,-19945,6618,20752,20505,180,0
1745181622741,4,-31114,30526,-27000,-10123,-27014,0
1745181622783,3,6008,31940,-30249,10102,32179,0
1745181622798,2,-26757,31675,-25065,10106,31677,0
1745181622799,0,-18567,31385,-29929,-30855,31146,0
1745181622799,1,-3570,5300,-19040,-12262,98,0
1745181622800,4,9834,32662,-17913,18280,-31053,0
1745181622829,3,26485,32117,-10473,14200,31606,0
1745181622858,2,10107,31682,-15177,6013,31941,0
1745181622858,0,10104,31117,-19017,-6278,30613,0
1745181622859,1,28962,19,-8015,-8154,126,0
1745181622860,4,-14486,-27360,24216,18805,-27618,0
1745181622860,3,14202,31901,-8505,22398,31660,0
1745181622861,2,-14469,32194,-11513,30588,32466,0
1745181622862,0,26490,31682,-23481,26492,32209,0
1745181622873,1,28707,601,-17519,16408,33,0
1745181622874,4,10343,-25780,-3658,-14221,-29192,0
1745181622918,3,-2173,31455,-8921,22659,31804,0
1745181622919,2,-26752,32497,-3321,-10112,-32735,0
1745181622919,0,-22400,32263,-7225,30848,-32712,0
1745181622920,1,-32733,4219,10882,12312,512,0
1745181622921,4,18558,31437,-9898,15224,-15382,0
1745181622963,3,-30587,32590,-8537,-26493,-32417,0
1745181622964,2,10369,-32494,7016,-26495,-32232,0
1745181622965,0,-30591,-32735,-3849,-14208,-32478,0
1745181622993,1,-7922,9028,31665,-20473,0,0
1745181623023,4,6005,26738,25958,10359,-29161,0
1745181623024,3,30847,-31678,2072,-6017,-31418,0
1745181623024,2,-6017,-32508,7096,2178,-32222,0
1745181623025,0,-14465,-32524,4168,10368,-32510,0
1745181623026,1,-28155,11791,21793,-12287,52,0
1745181623039,4,-6528,28926,7559,26484,-31503,0
1745181623053,3,6013,-31242,15272,22398,-32017,0
1745181623054,2,18560,-32754,5592,-1919,-32218,0
1745181623083,0,30591,-32532,3368,-6017,-32765,0
1745181623084,1,8202,4554,16481,-28667,85,0
1745181623113,4,14215,30831,-7944,10378,-27873,0
1745181623143,3,14207,-32590,10424,-10370,32701,0
1745181623158,2,-22657,32477,-8409,-2179,32490,0
1745181623158,0,-18562,32462,-5337,-22659,32471,0
1745181623159,1,-28152,7048,-19440,24587,6,0
1745181623160,4,10160,30048,13048,-26752,-29238,0
1745181623160,3,14209,32198,4440,-10367,32248,0
1745181623161,2,-14466,-32525,3688,-18304,32518,0
1745181623162,0,-18562,-32517,-1625,-26496,32279,0
1745181623162,1,16939,1912,-19504,16683,7,0
1745181623163,4,5741,-29858,-8087,10106,-28990,0
1745181623203,3,26756,32584,-4985,-14207,32564,0
1745181623204,2,-18304,-32490,8232,6274,-32505,0
1745181623204,0,22656,-32474,-1913,2176,32528,0
1745181623205,1,29231,793,25057,24611,135,0
1745181623206,4,-22679,-31382,29079,-1941,-21280,0
1745181623278,3,2175,32291,-15769,30847,-31932,0
1745181623279,2,30850,-32460,1816,26497,32766,0
1745181623279,0,22398,32501,-4521,6014,-32545,0
1745181623280,1,-28118,7450,-17470,-20450,191,0
1745181623281,4,-1930,-31977,167,14438,-28349,0
1745181623282,3,14461,-31966,4600,-6276,-32279,0
1745181623293,2,2177,-32754,2136,-6272,32765,0
1745181623293,0,30848,-32765,3688,18304,32487,0
1745181623308,1,-24554,9579,-16318,20497,0,0
1745181623309,4,27005,31240,15910,14713,-30856,0
1745181623353,3,6017,-31756,14600,26495,32459,0
1745181623354,2,14467,-32221,16552,-6013,-32211,0
1745181623354,0,-26494,-32756,3320,-14208,32265,0
1745181623368,1,28690,9587,12865,0,256,0
1745181623383,4,14465,29708,24471,23975,-25014,0
1745181623384,3,-2174,32468,14904,-18557,32502,0
1745181623384,2,-18301,-31957,17736,-10109,-31948,0
1745181623385,0,6017,32496,3032,-14207,-32486,0
1745181623386,1,-28406,11173,-9743,-32758,64,0
1745181623387,4,6018,27094,-29817,-18558,31056,0
1745181623443,3,-10364,31467,-8057,30850,31768,0
1745181623444,2,26496,32750,-169,26752,-32755,0
1745181623444,0,-22657,32739,-569,-30593,-32767,0
1745181623445,1,8453,7114,29424,-16364,252,0
1745181623446,4,1966,24455,-5257,-22648,30907,0
1745181623473,3,30850,-32423,-8457,-6016,-32451,0
1745181623474,2,2178,-32216,4440,2178,-32206,0
1745181623474,0,-6016,-32742,2488,-22400,-32768,0
1745181623475,1,-31970,6423,31968,-16355,248,0
1745181623476,4,-10642,28510,24407,6260,-23640,0
1745181623518,3,26747,-32233,-5385,-10116,-31990,0
1745181623519,2,26752,-32493,7320,26497,32767,0
1745181623520,0,-14467,-32532,2440,-30848,32501,0
1745181623533,1,519,4886,10897,-24547,98,0
1745181623549,4,-22903,29361,27223,-14479,-24017,0
1745181623608,3,22395,-32304,5256,14204,-31790,0
1745181623609,2,6014,32481,-9161,-14467,32499,0
1745181623609,0,22399,32492,-3561,14208,32763,0
1745181623610,1,8489,162,9728,28690,116,0
1745181623611,4,1902,-30333,15160,-6037,-19269,0
1745181623611,3,-10367,-32266,25048,-14204,-32754,0
1745181623612,2,-30592,-32503,11048,6274,-31968,0
1745181623613,0,26752,-32757,8568,-22398,-32218,0
1745181623623,1,-28631,729,242,-16354,46,0
1745181623624,4,26480,27238,31846,22640,-29608,0
1745181623668,3,26757,32546,12040,-14202,-32405,0
1745181623669,2,6276,-31932,13784,10371,-32192,0
1745181623669,0,-10110,-32464,3096,-1918,-31925,0
1745181623670,1,-28653,3651,1970,24600,0,0
1745181623671,4,26735,-32659,26599,23677,-10578,0
1745181623713,3,-1915,-32423,6648,-6011,-32405,0
1745181623728,2,-6014,-31946,13672,-26493,-31934,0
1745181623729,0,6274,-31952,15272,-26493,-32474,0
1745181623729,1,4364,10300,29185,-8189,0,0
1745181623730,4,-18312,29729,28934,-9864,-30159,0
1745181623818,3,18560,-32469,-9801,10364,-32250,0
1745181623878,2,-18301,-31946,12040,26754,-31964,0
1745181623879,0,-18560,32215,-1273,-22658,32470,0
1745181623879,1,520,12719,19681,0,25,0
1745181623880,4,-2173,28788,-11466,6000,32197,0
1745181623881,3,-2181,-32577,-4281,18298,32692,0
1745181623881,2,26753,-32757,1400,1920,32506,0
1745181623882,0,22396,32194,-10473,18301,31941,0
1745181623883,1,4,5330,21121,-12277,137,0
1745181623883,4,6051,31643,-31720,-22402,-28077,0
1745181623884,3,-30853,-32587,13048,1919,32438,0
1745181623885,2,-30850,-32523,4888,1920,-32520,0
1745181623923,0,14205,32481,-4233,10111,32231,0
1745181623953,1,-15849,5254,-25088,20495,19,0
1745181623953,4,22133,30417,26872,26496,-26948,0
1745181623983,3,-6273,31680,-5369,-18561,31160,0
1745181623998,2,6014,32495,-8857,-30850,32227,0
1745181623999,0,10108,31956,-18729,22395,31686,0
1745181623999,1,8745,557,-25264,-12262,104,0
1745181624000,4,-6283,32298,-14921,22637,-27056,0
1745181624001,3,-6274,31184,-20329,18300,30922,0
1745181624001,2,-30852,32472,-9881,-26755,32238,0
1745181624002,0,14200,31669,-25881,30585,31669,0
1745181624002,1,12582,152,0,24590,233,0
1745181624003,4,-18572,-24820,-9027,30886,-22044,0
1745181624004,3,30586,32244,-31177,-14471,31968,0
1745181624005,2,1917,32219,-14281,-6276,32215,0
1745181624013,0,-6279,31151,-28729,-2183,31390,0
1745181624014,1,-4065,733,6161,-12260,121,0
1745181624029,4,-22698,-29320,28215,-26770,-28469,0
1745181624043,3,18297,32215,-23561,-26760,31935,0
1745181624044,2,-14467,32228,-12169,26493,31958,0
1745181624044,0,14203,31132,-23465,26491,30886,0
1745181624045,1,-28647,9881,-7758,24595,0,0
1745181624046,4,6520,-30865,-32634,23160,-25731,0
1745181624088,3,6009,31900,-14537,-30857,31593,0
1745181624089,2,26494,31970,-14409,-26756,31956,0
1745181624089,0,-10374,30877,-21817,6010,31122,0
1745181624090,1,16411,12399,-20046,20488,512,0
1745181624091,4,-13949,26671,-32506,18558,-29573,0
1745181624133,3,-2180,30865,-9545,-22659,31383,0
1745181624134,2,14205,31683,-11321,-18563,32213,0
1745181624134,0,-6277,31150,-24697,-22661,31415,0
1745181624135,1,4368,9282,32097,8202,128,0
1745181624136,4,-10899,23528,21638,10356,-32348,0
1745181624208,3,-18565,30331,-30809,-6276,30664,0
1745181624223,2,-30852,31941,-14169,-2181,31684,0
1745181624238,0,26489,31654,-24153,30585,31937,0
1745181624253,1,-7126,11528,-1728,20494,146,0
1745181624283,4,22677,30209,13447,-10389,29558,0
1745181624283,3,-26757,31966,-24921,2173,32010,0
1745181624284,2,-26755,32726,-1481,14207,32766,0
1745181624285,0,26488,31632,-25321,30585,31667,0
1745181624286,1,-23778,5634,18848,16404,145,0
1745181624286,4,-22924,28806,9512,26484,-24597,0
